<?xml version="1.0" encoding="UTF-8"?>
<project-private xmlns="http://www.netbeans.org/ns/project-private/1">
    <editor-bookmarks xmlns="http://www.netbeans.org/ns/editor-bookmarks/2" lastBookmarkId="0"/>
    <open-files xmlns="http://www.netbeans.org/ns/projectui-open-files/2">
        <group>
            <file>file:/C:/Users/Paap6/Downloads/Parser_ex4_NetBeans/Parser_ex4/test/sample2.spl</file>
            <file>file:/C:/Users/Paap6/Downloads/Parser_ex4_NetBeans/Parser_ex4/test/sample1.spl</file>
            <file>file:/C:/Users/Paap6/Downloads/Parser_ex4_NetBeans/Parser_ex4/src/parser_ex4/Parser_ex4.java</file>
            <file>file:/C:/Users/Paap6/Downloads/Parser_ex4_NetBeans/Parser_ex4/test/sample3.spl</file>
            <file>file:/C:/Users/Paap6/Downloads/Parser_ex4_NetBeans/Parser_ex4/src/parser_ex4/TokenType.java</file>
            <file>file:/C:/Users/Paap6/Downloads/Parser_ex4_NetBeans/Parser_ex4/test/sample4.spl</file>
            <file>file:/C:/Users/Paap6/Downloads/Parser_ex4_NetBeans/Parser_ex4/test/sample5.spl</file>
            <file>file:/C:/Users/Paap6/Downloads/Parser_ex4_NetBeans/Parser_ex4/src/parser_ex4/Lex.java</file>
            <file>file:/C:/Users/Paap6/Downloads/Parser_ex4_NetBeans/Parser_ex4/src/parser_ex4/Token.java</file>
        </group>
    </open-files>
</project-private>
